date,min,max,median,q1,q3,stdev,count
2022-05-28T00:00:00.000Z,4,47,30.5,7,41,15.916,130
2022-05-29T00:00:00.000Z,4,43,18,13,29,10.521,176
2022-05-30T00:00:00.000Z,7,41,17,10,28,10.013,139
2022-05-31T00:00:00.000Z,12,39,22,18,27,6.433,143
2022-06-01T00:00:00.000Z,21,76,55,46,70.5,13.599,205
2022-06-02T00:00:00.000Z,23,69,34,29,62,16.543,229
2022-06-03T00:00:00.000Z,24,72,41,33,50.5,13.087,225
2022-06-04T00:00:00.000Z,5,69,34.5,20,53,19.895,214
2022-06-05T00:00:00.000Z,5,54,26,11,40,15.446,188
2022-06-06T00:00:00.000Z,11,52,25,20,40,11.024,216
2022-06-07T00:00:00.000Z,17,54,32,23,47,12.281,248
2022-06-08T00:00:00.000Z,13,57,23,18,41,13.577,214
2022-06-09T00:00:00.000Z,13,64,35,27,48,13.722,218
2022-06-10T00:00:00.000Z,12,60,26,18,46,14.89,244
2022-06-11T00:00:00.000Z,5,61,30,11,50,19.001,195
2022-06-12T00:00:00.000Z,3,44,15.5,9.5,29.5,12.286,184
2022-06-13T00:00:00.000Z,2,42,17,5,32,13.034,191
2022-06-14T00:00:00.000Z,4,33,14,11,19,7.168,160
2022-06-15T00:00:00.000Z,5,41,19,14,29,9.573,159
2022-06-16T00:00:00.000Z,10,49,21.5,17,37,11.569,166
2022-06-17T00:00:00.000Z,8,42,14,11,27.5,11.221,172
2022-06-18T00:00:00.000Z,11,46,22,15,33,10.227,249
2022-06-19T00:00:00.000Z,15,46,27,19.5,36,8.862,225
2022-06-20T00:00:00.000Z,7,62,33,12,48,16.629,244
2022-06-21T00:00:00.000Z,10,29,17.5,14,23,5.366,130
2022-06-22T00:00:00.000Z,13,60,25.5,20,44,13.684,196
2022-06-23T00:00:00.000Z,8,47,22,13,34,12.217,211
2022-06-24T00:00:00.000Z,6,43,23,13,31,10.199,195
2022-06-25T00:00:00.000Z,16,49,31,26,36,7.497,204
2022-06-26T00:00:00.000Z,34,75,48,44,55,9.804,191
2022-06-27T00:00:00.000Z,24,63,37.5,27,55,14.084,230
2022-06-28T00:00:00.000Z,7,72,38,19,55,20.34,183
2022-06-29T00:00:00.000Z,4,48,18,8,33,13.408,159
2022-06-30T00:00:00.000Z,5,40,20.5,15.5,33,9.859,192
2022-07-01T00:00:00.000Z,17,67,53,32,59,15.166,270
2022-07-02T00:00:00.000Z,18,78,51,24,70,21.538,243
2022-07-03T00:00:00.000Z,11,75,51,20,64,21.611,238
2022-07-04T00:00:00.000Z,7,52,27,12,42,14.362,171
2022-07-05T00:00:00.000Z,8,49,29,18.5,34,10.467,253
2022-07-06T00:00:00.000Z,14,55,29,18,38,12.013,225
2022-07-07T00:00:00.000Z,22,81,72,51,75,16.437,187
2022-07-08T00:00:00.000Z,10,64,36,19,53,16.964,232
2022-07-09T00:00:00.000Z,6,65,26,14,44.5,17.632,200
2022-07-10T00:00:00.000Z,3,55,24,11,40,15.835,182
2022-07-11T00:00:00.000Z,14,100,24,18.5,27,17.506,20
2022-07-20T00:00:00.000Z,17,31,23,21,28,4.059,38
2022-07-21T00:00:00.000Z,9,67,41,15,59,19.846,266
2022-07-22T00:00:00.000Z,6,57,20.5,13,42,15.981,214
2022-07-23T00:00:00.000Z,6,52,25,15,36.5,13.973,212
2022-07-24T00:00:00.000Z,17,62,35,23.5,49,13.361,205
2022-07-25T00:00:00.000Z,28,77,45,35,71,17.244,253
2022-07-26T00:00:00.000Z,15,74,56,25,66,19.908,278
2022-07-27T00:00:00.000Z,14,75,54.5,21,63,20.334,254
2022-07-28T00:00:00.000Z,20,65,42,29,51,12.411,236
2022-07-29T00:00:00.000Z,32,75,56,38,70,15.459,222
2022-07-30T00:00:00.000Z,11,78,42,19,64,23.028,246
2022-07-31T00:00:00.000Z,6,78,30,14,59.5,23.514,249
2022-08-01T00:00:00.000Z,7,62,32,15,49,17.474,198
2022-08-02T00:00:00.000Z,8,48,25,13,40,12.976,187
2022-08-03T00:00:00.000Z,11,51,25,17,39,12.352,166
2022-08-04T00:00:00.000Z,12,58,31,17,44,14.007,219
2022-08-05T00:00:00.000Z,9,63,33.5,15,50,17.891,196
2022-08-06T00:00:00.000Z,9,48,21,13,33,11.319,187
2022-08-07T00:00:00.000Z,17,62,31,25,44,12.368,246
2022-08-08T00:00:00.000Z,22,81,37.5,29,69,19.597,296
2022-08-09T00:00:00.000Z,13,69,33,18,52,17.892,238
2022-08-10T00:00:00.000Z,14,67,26,18,47,16.602,202
2022-08-11T00:00:00.000Z,8,63,29.5,17,47,17.376,178
2022-08-12T00:00:00.000Z,7,55,24,13,42,14.872,152
2022-08-13T00:00:00.000Z,11,54,23,14,38,13.023,211
2022-08-14T00:00:00.000Z,8,45,21,11,37,13.133,170
2022-08-15T00:00:00.000Z,13,51,24,16,41,12.308,203
2022-08-16T00:00:00.000Z,20,71,47,32,55,13.399,276
2022-08-17T00:00:00.000Z,17,79,47.5,23.5,69,21.326,240
2022-08-18T00:00:00.000Z,6,74,35,13.5,63,23.238,237
2022-08-19T00:00:00.000Z,8,51,26,15,42.5,14.012,160
2022-08-20T00:00:00.000Z,26,59,38,35,46,8.417,188
2022-08-21T00:00:00.000Z,21,64,32,27,54,14.115,243
2022-08-22T00:00:00.000Z,16,68,32,20,52,16.818,210
2022-08-23T00:00:00.000Z,13,63,35,19,54,17.259,222
2022-08-24T00:00:00.000Z,10,48,22,14.5,41,12.59,168
2022-08-25T00:00:00.000Z,7,53,22,13,41,14.218,167
2022-08-26T00:00:00.000Z,12,47,25,20,36,9.353,178
2022-08-27T00:00:00.000Z,7,63,38,11,55,20.308,206
2022-08-28T00:00:00.000Z,6,41,18,9,30,10.15,171
2022-08-29T00:00:00.000Z,7,50,27,11,36,14.182,183
2022-08-30T00:00:00.000Z,14,55,22,19,39,12.53,176
2022-08-31T00:00:00.000Z,11,56,26,16,43,14.866,184
2022-09-01T00:00:00.000Z,9,65,34,16.5,47.5,17.748,197
2022-09-02T00:00:00.000Z,6,47,27,10.5,42,14.617,161
2022-09-03T00:00:00.000Z,11,77,35,20,69,23.14,236
2022-09-04T00:00:00.000Z,12,68,36.5,19,59,19.058,200
2022-09-05T00:00:00.000Z,11,64,28.5,17,46,16.341,174
2022-09-06T00:00:00.000Z,4,52,25.5,8,42,15.992,164
2022-09-07T00:00:00.000Z,5,44,23,10.5,38,13.078,156
2022-09-08T00:00:00.000Z,4,43,17,8,32,12.571,159
2022-09-09T00:00:00.000Z,8,42,22.5,20,28,7.686,158
2022-09-10T00:00:00.000Z,32,75,65,58,68,10.661,185
2022-09-11T00:00:00.000Z,22,79,54,28,73,21.093,206
2022-09-12T00:00:00.000Z,6,71,40,15,61,21.9,155
2022-09-13T00:00:00.000Z,7,47,22,11,35.5,12.572,161
2022-09-14T00:00:00.000Z,11,46,24,15,33,10.228,187
2022-09-15T00:00:00.000Z,11,57,27,20,47.5,14.369,212
2022-09-16T00:00:00.000Z,9,63,32,14.5,52,18.018,189
2022-09-17T00:00:00.000Z,11,54,24,15,38,13.225,196
2022-09-18T00:00:00.000Z,5,48,24,11,40,14.707,165
2022-09-19T00:00:00.000Z,7,43,17,10,32,11.758,193
2022-09-20T00:00:00.000Z,3,41,25,10,36,12.793,147
2022-09-21T00:00:00.000Z,9,60,33,28,43,11.119,148
2022-09-22T00:00:00.000Z,45,71,61,54,66,7.025,213
2022-09-23T00:00:00.000Z,10,78,54,16,70,26.336,199
2022-09-24T00:00:00.000Z,8,52,29,14,44,14.523,205
2022-09-25T00:00:00.000Z,13,40,19,16,27,7.039,163
2022-09-26T00:00:00.000Z,6,51,27.5,10,41,14.966,126
2022-09-27T00:00:00.000Z,10,42,22,14,30,9.227,150
2022-09-28T00:00:00.000Z,10,48,26,16,39,11.46,174
2022-09-29T00:00:00.000Z,8,52,26,12.5,42,14.28,145
2022-09-30T00:00:00.000Z,7,49,20.5,11,35.5,12.812,168
2022-10-01T00:00:00.000Z,14,62,30,21,43.5,14.23,213
2022-10-02T00:00:00.000Z,24,61,39,30,56,12.579,246
2022-10-03T00:00:00.000Z,13,66,40,18,58,19.036,203
2022-10-04T00:00:00.000Z,16,61,33,21,49,14.257,227
2022-10-05T00:00:00.000Z,29,74,57,39,63,12.947,195
2022-10-06T00:00:00.000Z,16,71,46,21,64,20.555,203
2022-10-07T00:00:00.000Z,25,77,56,53,69,11.95,197
2022-10-08T00:00:00.000Z,23,68,36,27,55,14.761,233
2022-10-09T00:00:00.000Z,13,66,41,19,59,18.747,194
2022-10-10T00:00:00.000Z,8,54,27.5,12.5,42,15.172,164
2022-10-11T00:00:00.000Z,9,41,24.5,12,33,10.719,170
2022-10-12T00:00:00.000Z,10,57,28,17,45,15.275,143
2022-10-13T00:00:00.000Z,13,57,34,18.5,47,14.581,169
2022-10-14T00:00:00.000Z,5,57,36,18,44,15.764,142
2022-10-15T00:00:00.000Z,8,40,20,12,30,9.566,129
2022-10-16T00:00:00.000Z,18,45,38,34,39,5.362,128
2022-10-17T00:00:00.000Z,18,62,33.5,22,52,14.958,206
2022-10-18T00:00:00.000Z,18,53,42,32,49,10.74,115
2022-10-21T00:00:00.000Z,5,30,18,10,22,7.513,122
2022-10-22T00:00:00.000Z,5,28,14,7.5,21,6.98,133
2022-10-23T00:00:00.000Z,12,27,21,19,23,3.376,153
2022-10-24T00:00:00.000Z,19,58,41,29,48,10.055,205
2022-10-25T00:00:00.000Z,9,44,28,12,37,11.93,129
2022-10-26T00:00:00.000Z,15,39,19,17,30,7.383,116
2022-10-27T00:00:00.000Z,22,50,43,39,45,5.783,122
2022-10-28T00:00:00.000Z,15,62,41,20,54,15.889,229
2022-10-29T00:00:00.000Z,11,54,27,15,43,14.195,159
2022-10-30T00:00:00.000Z,13,35,24,15,31,7.543,149
2022-10-31T00:00:00.000Z,7,50,32,12,43,14.634,146
2022-11-01T00:00:00.000Z,7,40,24,11.5,32,10.608,101
2022-11-02T00:00:00.000Z,7,35,26,14,30.5,8.778,125
2022-11-03T00:00:00.000Z,11,47,24,17,31,8.475,121
2022-11-04T00:00:00.000Z,19,52,46,26,49,11.823,131
2022-11-05T00:00:00.000Z,16,50,30,19,45.5,12.346,125
2022-11-06T00:00:00.000Z,14,45,28,19.5,39.5,9.412,153
2022-11-07T00:00:00.000Z,25,57,34,30,45,8.55,186
2022-11-08T00:00:00.000Z,6,61,44,23,53,16.479,183
2022-11-09T00:00:00.000Z,4,51,24,18.5,33.5,11.807,197
2022-11-10T00:00:00.000Z,8,29,20,12,24,6.696,97
2022-11-11T00:00:00.000Z,17,63,44,34,51,11.5,117
2022-11-12T00:00:00.000Z,16,60,42,21,53,14.937,118
2022-11-13T00:00:00.000Z,7,47,32,16,42,12.974,103
2022-11-14T00:00:00.000Z,17,69,47,31.5,62,15.93,97
2022-11-15T00:00:00.000Z,25,53,44,39,45,6.679,102
2022-11-16T00:00:00.000Z,13,58,54,47.5,55,13.21,72
2022-11-17T00:00:00.000Z,19,52,40,34,46,7.613,63
2022-11-18T00:00:00.000Z,41,67,64,55.5,66,7.882,77
2022-11-19T00:00:00.000Z,18,67,56,32,60,16.099,144
2022-11-20T00:00:00.000Z,7,63,44,19.5,54,18.032,128
2022-11-21T00:00:00.000Z,9,49,37,23.5,45,12.318,101
2022-11-22T00:00:00.000Z,7,45,36,17,43,13.421,95
2022-11-23T00:00:00.000Z,5,43,28,13,38,12.569,97
2022-11-24T00:00:00.000Z,14,46,33,31,39,6.775,138
2022-11-25T00:00:00.000Z,9,59,45,23,54,16.728,146
2022-11-26T00:00:00.000Z,10,44,27,20,37,9.328,125
2022-11-27T00:00:00.000Z,22,68,41,31,51,13.187,199
2022-11-28T00:00:00.000Z,10,54,42,34,49,12.738,150
2022-11-29T00:00:00.000Z,13,55,42,26.5,47.5,12.214,73
2022-11-30T00:00:00.000Z,26,70,38,31,61,15.379,134
2022-12-01T00:00:00.000Z,12,61,49.5,20,58,18.395,148
2022-12-02T00:00:00.000Z,14,38,23,20,25,4.918,128
2022-12-03T00:00:00.000Z,15,49,30.5,18.5,39.5,10.77,84
2022-12-04T00:00:00.000Z,20,50,37,27,44,9.38,121
2022-12-05T00:00:00.000Z,15,54,34,19,41,11.624,123
2022-12-06T00:00:00.000Z,19,59,28,22,44,13.233,126
2022-12-07T00:00:00.000Z,18,56,42.5,25,51,12.928,130
2022-12-08T00:00:00.000Z,12,61,48,31,58,15.881,119
2022-12-09T00:00:00.000Z,11,41,28,18.5,34,8.891,57
2022-12-10T00:00:00.000Z,12,38,23,16,30,7.847,94
2022-12-11T00:00:00.000Z,6,44,25,11,40,14.011,97
2022-12-12T00:00:00.000Z,10,33,24,17,27,6.327,66
2022-12-13T00:00:00.000Z,21,63,46,32.5,58,12.796,132
2022-12-14T00:00:00.000Z,31,60,56,48,58,8.775,73
2022-12-15T00:00:00.000Z,29,56,39,32,46,8.246,91
2022-12-16T00:00:00.000Z,8,64,50,17.5,60,19.84,109
2022-12-17T00:00:00.000Z,13,39,24,17.5,32.5,8.189,141
2022-12-18T00:00:00.000Z,13,46,35.5,23.5,42,10.125,108
2022-12-19T00:00:00.000Z,10,49,38.5,21,45,13.097,142
2022-12-20T00:00:00.000Z,16,49,31,21,42,10.418,147
2022-12-21T00:00:00.000Z,13,55,38,20,51,14.648,135
2022-12-22T00:00:00.000Z,18,53,41.5,31,45,8.627,148
2022-12-23T00:00:00.000Z,21,50,42,26,47.5,10.382,132
2022-12-24T00:00:00.000Z,21,51,34,27,43,8.801,175
2022-12-25T00:00:00.000Z,21,64,49,34,60,13.608,193
2022-12-26T00:00:00.000Z,25,70,50,35,62,13.39,188
2022-12-27T00:00:00.000Z,11,67,51,21,63,20.336,138
2022-12-28T00:00:00.000Z,16,41,29,21,33.5,7.015,104
2022-12-29T00:00:00.000Z,15,73,52,38,66,17.831,214
2022-12-30T00:00:00.000Z,16,64,44,23,58,16.261,189
2022-12-31T00:00:00.000Z,14,64,45,22,58,16.999,167
2023-01-01T00:00:00.000Z,25,63,45,35,56,10.504,177
2023-01-02T00:00:00.000Z,45,70,64,61,66,5.148,142
2023-01-03T00:00:00.000Z,37,67,55,46,63,8.747,193
2023-01-04T00:00:00.000Z,14,68,33.5,20,62,19.931,158
2023-01-05T00:00:00.000Z,18,68,49.5,30.5,60,15.424,172
2023-01-06T00:00:00.000Z,14,57,40,20,54,15.259,159
2023-01-07T00:00:00.000Z,24,59,34,28,51,11.297,176
2023-01-08T00:00:00.000Z,6,70,52,24.5,62.5,20.808,180
2023-01-09T00:00:00.000Z,10,37,23,14,29,7.65,143
2023-01-10T00:00:00.000Z,14,41,30,19,37,8.664,117
2023-01-11T00:00:00.000Z,18,52,28,25,37,8.36,146
2023-01-12T00:00:00.000Z,15,68,51,24,62,18.328,174
2023-01-13T00:00:00.000Z,12,54,36,19.5,47,13.632,137
2023-01-14T00:00:00.000Z,9,46,35.5,20,43,12.584,130
2023-01-15T00:00:00.000Z,15,41,29.5,22,36,7.249,106
2023-01-16T00:00:00.000Z,11,56,44,20.5,50,14.978,177
2023-01-17T00:00:00.000Z,19,51,32,29,42,8.304,135
2023-01-18T00:00:00.000Z,37,71,54,49,64,8.907,163
2023-01-19T00:00:00.000Z,15,69,50,27.5,60,17.457,176
2023-01-20T00:00:00.000Z,22,56,38,30,47,9.433,159
2023-01-21T00:00:00.000Z,30,57,48,36,52,8.321,166
2023-01-22T00:00:00.000Z,19,60,43,30,54,12.693,182
2023-01-23T00:00:00.000Z,30,58,49,42,53,7.37,154
2023-01-24T00:00:00.000Z,26,66,57,35.5,61,12.637,136
2023-01-25T00:00:00.000Z,18,58,38,24,48,12.529,174
2023-01-26T00:00:00.000Z,12,57,39.5,18,53,16.326,134
2023-01-27T00:00:00.000Z,11,37,20,17,28,6.786,135
2023-01-28T00:00:00.000Z,23,57,34,32,40,6.937,159
2023-01-29T00:00:00.000Z,58,76,67,61,73,5.633,140
2023-01-30T00:00:00.000Z,40,68,64.5,47,66,10.103,142
2023-01-31T00:00:00.000Z,24,58,37,27,55,13,171
2023-02-01T00:00:00.000Z,13,63,44,23,56,17.121,171
2023-02-02T00:00:00.000Z,17,59,36,23,53.5,14.864,153
2023-02-03T00:00:00.000Z,4,63,43.5,19.5,57,18.856,152
2023-02-04T00:00:00.000Z,6,49,18,12,38,14.142,127
2023-02-05T00:00:00.000Z,12,52,29.5,19,42,12.455,156
2023-02-06T00:00:00.000Z,7,51,26,19,36,11.885,184
2023-02-07T00:00:00.000Z,14,57,27.5,18.5,47,14.02,184
2023-02-08T00:00:00.000Z,12,58,38,20,51,15.038,150
2023-02-09T00:00:00.000Z,20,84,37,30,59.5,18.251,185
2023-02-10T00:00:00.000Z,12,59,35.5,18,47,15.56,170
2023-02-11T00:00:00.000Z,14,59,37,22,51,14.673,142
2023-02-12T00:00:00.000Z,9,50,25,13,38,12.752,163
2023-02-13T00:00:00.000Z,11,57,37,18,51,15.774,143
2023-02-14T00:00:00.000Z,11,52,33,15,48,15.132,178
2023-02-15T00:00:00.000Z,21,72,62,47,65,12.247,202
2023-02-16T00:00:00.000Z,23,65,45,30,60,14.778,178
2023-02-17T00:00:00.000Z,16,61,38,24,56,15.321,193
2023-02-18T00:00:00.000Z,11,60,31,19,51,16.093,164
2023-02-19T00:00:00.000Z,15,41,22,18,29,6.866,168
2023-02-20T00:00:00.000Z,12,31,22,16,24,4.455,167
2023-02-21T00:00:00.000Z,8,60,33,15,50,17.42,167
2023-02-22T00:00:00.000Z,11,68,59,47,62,15.296,175
2023-02-23T00:00:00.000Z,26,64,48,33,58,12.213,221
2023-02-24T00:00:00.000Z,19,60,31,24,51,13.604,159
2023-02-25T00:00:00.000Z,11,61,36,24,53,16.044,151
2023-02-26T00:00:00.000Z,11,60,34.5,24,54,15.558,198
2023-02-27T00:00:00.000Z,8,27,14,11,24,6.249,101
2023-02-28T00:00:00.000Z,10,39,19,13,28,8.78,161
2023-03-01T00:00:00.000Z,16,48,29,22,34,8.239,171
2023-03-02T00:00:00.000Z,16,47,31,19,38,9.948,167
2023-03-03T00:00:00.000Z,9,56,36,16.5,51,15.859,145
2023-03-04T00:00:00.000Z,20,65,41,30,59,13.776,191
2023-03-05T00:00:00.000Z,6,59,39,18,48,16.721,123
2023-03-06T00:00:00.000Z,10,50,23,20,40,11.314,163
2023-03-07T00:00:00.000Z,26,66,56,51,62,9.76,130
2023-03-08T00:00:00.000Z,41,71,54,48,61,8.042,174
2023-03-09T00:00:00.000Z,19,68,35,26,59,16.433,178
2023-03-10T00:00:00.000Z,11,55,27,18.5,45,14.392,160
2023-03-11T00:00:00.000Z,21,50,31,28,37,6.847,184
2023-03-12T00:00:00.000Z,20,43,29,24,36,6.918,145
2023-03-13T00:00:00.000Z,16,45,23,18,34,9.608,131
2023-03-14T00:00:00.000Z,6,56,29.5,12,46,17.233,142
2023-03-15T00:00:00.000Z,9,38,17,13,27,8.299,127
2023-03-16T00:00:00.000Z,20,78,49,37,60.5,15.717,173
2023-03-17T00:00:00.000Z,21,60,43,27,55,13.87,206
2023-03-18T00:00:00.000Z,8,53,35,21.5,44,13.861,165
2023-03-19T00:00:00.000Z,9,42,16,11,28.5,10.545,141
2023-03-20T00:00:00.000Z,11,37,20,13,30,8.509,135
2023-03-21T00:00:00.000Z,8,58,24,13,43,15.686,187
2023-03-22T00:00:00.000Z,16,53,22,20,36,11.472,194
2023-03-23T00:00:00.000Z,7,58,22,10,45,17.916,183
2023-03-24T00:00:00.000Z,9,60,29,22,47,15.021,194
2023-03-25T00:00:00.000Z,8,48,18,10,37.5,13.345,128
2023-03-26T00:00:00.000Z,9,33,14,12,22,6.47,129
2023-03-27T00:00:00.000Z,7,64,39,17,59,19.651,167
2023-03-28T00:00:00.000Z,5,53,32,13,45,15.567,147
2023-03-29T00:00:00.000Z,8,38,20,14,28,7.863,143
2023-03-30T00:00:00.000Z,6,51,28,10.5,44,15.384,169
2023-03-31T00:00:00.000Z,10,35,18,13,27,7.505,118
2023-04-01T00:00:00.000Z,4,36,13,6,24,9.909,123
2023-04-02T00:00:00.000Z,4,34,10.5,6,20,9.03,110
2023-04-03T00:00:00.000Z,7,46,20,12,36,13.028,159
2023-04-04T00:00:00.000Z,6,41,15,12,27,9.348,146
2023-04-05T00:00:00.000Z,12,59,36,18,45,14.287,199
2023-04-06T00:00:00.000Z,11,64,29,15,47,17.527,195
2023-04-07T00:00:00.000Z,6,33,17.5,9,28,9.118,118
2023-04-08T00:00:00.000Z,5,35,16.5,9,28,9.821,118
2023-04-09T00:00:00.000Z,7,39,16,11,29,9.963,143
2023-04-10T00:00:00.000Z,3,42,20,6.5,30.5,12.036,129
2023-04-11T00:00:00.000Z,1,29,12,6,23,8.773,131
2023-04-12T00:00:00.000Z,1,25,6.5,5,14,6.579,118
2023-04-13T00:00:00.000Z,5,33,16,11,26,8.125,130
2023-04-14T00:00:00.000Z,9,54,24,22,35,11.211,196
2023-04-15T00:00:00.000Z,13,71,49.5,26,58,17.988,190
2023-04-16T00:00:00.000Z,9,61,33.5,13,53,18.709,176
2023-04-17T00:00:00.000Z,4,39,20,7,29,11.391,132
2023-04-18T00:00:00.000Z,3,32,19,8,27,9.46,144
2023-04-19T00:00:00.000Z,6,30,15,10.5,24.5,7.1,116
2023-04-20T00:00:00.000Z,5,56,34,14.5,51,18.933,153
2023-04-21T00:00:00.000Z,5,27,15.5,10,23,6.644,82
2023-04-22T00:00:00.000Z,11,74,50,44,60,14.796,175
2023-04-23T00:00:00.000Z,17,71,44,23,61,18.022,220
2023-04-24T00:00:00.000Z,9,60,29,17,46,16.05,186
2023-04-25T00:00:00.000Z,16,75,51,41,63,14.189,222
2023-04-26T00:00:00.000Z,38,80,73,59,76,11.331,213
2023-04-27T00:00:00.000Z,10,76,37.5,15,63,23.468,220
2023-04-28T00:00:00.000Z,14,60,28,19,48.5,14.964,225
2023-04-29T00:00:00.000Z,8,67,33,12,52,19.917,186
2023-04-30T00:00:00.000Z,13,60,22.5,18,39,13.735,182
2023-05-01T00:00:00.000Z,12,62,28,18,47,15.456,176
2023-05-02T00:00:00.000Z,15,48,25.5,19,37.5,10.002,164
2023-05-03T00:00:00.000Z,8,58,34,14,50,16.833,183
2023-05-04T00:00:00.000Z,8,45,20.5,11,35,12.539,180
2023-05-05T00:00:00.000Z,5,58,25,10,44,17.255,214
2023-05-06T00:00:00.000Z,4,41,16,7,27,11.302,155
2023-05-07T00:00:00.000Z,5,34,11,9,21.5,8.512,140
2023-05-08T00:00:00.000Z,11,60,23.5,18,44,14.794,198
2023-05-09T00:00:00.000Z,2,63,32,13.5,47,18.408,193
2023-05-10T00:00:00.000Z,4,67,28.5,20,47,16.251,238
2023-05-11T00:00:00.000Z,25,96,57,35,74,21.805,298
2023-05-12T00:00:00.000Z,20,81,38.5,25,75,23.302,238
2023-05-13T00:00:00.000Z,22,63,43.5,29,52,12.865,210
2023-05-14T00:00:00.000Z,23,71,49.5,41,62,12.804,256
2023-05-15T00:00:00.000Z,22,93,46,29,71,20.74,249
2023-05-16T00:00:00.000Z,8,74,34,12,54,21.316,223
2023-05-17T00:00:00.000Z,11,69,28,16,48,17.341,241
2023-05-18T00:00:00.000Z,26,63,38,30,53,11.215,241
2023-05-19T00:00:00.000Z,33,64,57,54,58,7.361,186
2023-05-20T00:00:00.000Z,17,73,41,27,63,18.173,243
2023-05-21T00:00:00.000Z,9,78,41,19,71,24.408,246
2023-05-22T00:00:00.000Z,13,61,28.5,17,50.5,16.416,216
2023-05-23T00:00:00.000Z,23,72,39,26,59,16.819,231
2023-05-24T00:00:00.000Z,26,72,45,34,62,14.11,269
2023-05-25T00:00:00.000Z,27,78,42.5,33,64,16.756,244
2023-05-26T00:00:00.000Z,18,71,36,29,49,13.726,259
2023-05-27T00:00:00.000Z,12,75,34.5,25,58,19.775,254
2023-05-28T00:00:00.000Z,9,57,25,17,45,14.776,227
2023-05-29T00:00:00.000Z,8,67,26,16,46,18.029,207
2023-05-30T00:00:00.000Z,11,57,24,17,37,12.438,225
2023-05-31T00:00:00.000Z,13,68,31,20,53,17.714,272
2023-06-01T00:00:00.000Z,14,57,32,20,42,12.955,251
2023-06-02T00:00:00.000Z,9,68,39,16,54,19.006,240
2023-06-03T00:00:00.000Z,13,68,48,40,60,13.132,258
2023-06-04T00:00:00.000Z,32,64,47,39,58,9.773,270
2023-06-05T00:00:00.000Z,28,72,51,44,64,12.457,263
2023-06-06T00:00:00.000Z,21,73,40,26,61,17.963,265
2023-06-07T00:00:00.000Z,14,76,40,24,55,17.702,255
2023-06-08T00:00:00.000Z,9,61,40,17,50,17.087,219
2023-06-09T00:00:00.000Z,14,60,32.5,18,49,15.225,240
2023-06-10T00:00:00.000Z,13,65,29,17,47.5,16.615,221
2023-06-11T00:00:00.000Z,20,60,36,31,42,8.433,241
2023-06-12T00:00:00.000Z,36,91,56,50,69,13.358,272
2023-06-13T00:00:00.000Z,24,79,48,33,60,16.174,266
2023-06-14T00:00:00.000Z,14,70,35,19,54,18.002,218
2023-06-15T00:00:00.000Z,12,68,28,21,47,16.047,244
2023-06-16T00:00:00.000Z,21,68,36.5,26,52,13.824,254
2023-06-17T00:00:00.000Z,25,97,60,45,74,18.559,295
2023-06-18T00:00:00.000Z,10,78,43,15,63,23.524,254
2023-06-19T00:00:00.000Z,4,68,36,8,55.5,21.767,208
2023-06-20T00:00:00.000Z,6,57,24,13.5,44.5,17.233,225
2023-06-21T00:00:00.000Z,8,57,27,21,40,12.046,235
2023-06-22T00:00:00.000Z,19,100,45,35,65,18.429,306
2023-06-23T00:00:00.000Z,4,74,31.5,20,61.5,21.86,200
2023-06-24T00:00:00.000Z,4,41,17,13,23,8.821,194
2023-06-25T00:00:00.000Z,13,49,24,21,40,10.56,206
2023-06-26T00:00:00.000Z,13,71,33,21,51,17.96,215
2023-06-27T00:00:00.000Z,6,73,30,11.5,56,22.384,201
2023-06-28T00:00:00.000Z,3,44,24.5,15,36,12.071,188
2023-06-29T00:00:00.000Z,5,66,28,23,40,13.879,255
2023-06-30T00:00:00.000Z,22,58,38,31,48.5,10.532,208
2023-07-01T00:00:00.000Z,8,73,39,14.5,57,21.42,221
2023-07-02T00:00:00.000Z,6,60,23,14,44,17.072,235
2023-07-03T00:00:00.000Z,4,57,26,9,45,17.275,189
2023-07-04T00:00:00.000Z,9,49,23,18,33,11.016,236
2023-07-05T00:00:00.000Z,21,65,46,37,60,12.873,213
2023-07-06T00:00:00.000Z,25,75,47,31,64,16.315,250
2023-07-07T00:00:00.000Z,23,68,40,27.5,59,15.4,257
2023-07-08T00:00:00.000Z,28,73,47,33,66,15.631,279
2023-07-09T00:00:00.000Z,28,79,47,32,70,18.198,289
2023-07-10T00:00:00.000Z,9,75,34,17,57,21.981,283
2023-07-11T00:00:00.000Z,3,62,29,14,48,18.216,232
2023-07-12T00:00:00.000Z,5,50,24,11,40,14.684,163
2023-07-13T00:00:00.000Z,11,61,26.5,17,43,14.602,240
2023-07-14T00:00:00.000Z,20,95,53,26,72,22.38,282
2023-07-15T00:00:00.000Z,17,65,29.5,21,46,14.391,212
2023-07-16T00:00:00.000Z,3,68,35.5,10,52,21.47,204
2023-07-17T00:00:00.000Z,3,48,19.5,7,36,15.04,156
2023-07-18T00:00:00.000Z,3,47,19.5,9,34,13.513,162
2023-07-19T00:00:00.000Z,14,51,32,23,42,10.485,239
2023-07-20T00:00:00.000Z,27,74,41,31,67,16.337,288
2023-07-21T00:00:00.000Z,20,81,44,27,68,19.783,275
2023-07-22T00:00:00.000Z,10,71,38,18,56,19.524,223
2023-07-23T00:00:00.000Z,3,62,26,11,47,18.716,206
2023-07-24T00:00:00.000Z,4,54,23,12,37,13.562,154
2023-07-25T00:00:00.000Z,4,49,23.5,13,37,13.586,208
2023-10-15T00:00:00.000Z,12,19,13,13,14,1.726,30
2023-10-16T00:00:00.000Z,11,54,27,14,43,14.397,151
2023-10-17T00:00:00.000Z,6,50,33,13,42,14.773,147
2023-10-18T00:00:00.000Z,13,37,24,18,30,6.548,182
2023-10-19T00:00:00.000Z,9,52,32,14,42,14.352,171
2023-10-20T00:00:00.000Z,2,49,33,17,42,14.856,172
2023-10-21T00:00:00.000Z,7,38,20,10,27,9.35,167
2023-10-22T00:00:00.000Z,6,52,26,14,40,14.281,138
2023-10-23T00:00:00.000Z,6,55,31,14,47.5,16.283,168
2023-10-24T00:00:00.000Z,15,45,24,19,34,9.021,161
2023-10-25T00:00:00.000Z,26,62,36,30,47,10.272,215
2023-10-26T00:00:00.000Z,6,69,49.5,15,63,23.14,190
2023-10-27T00:00:00.000Z,13,58,35,26,50,12.351,183
2023-10-28T00:00:00.000Z,22,50,27,26,36.5,7.447,165
2023-10-29T00:00:00.000Z,37,65,53,43,59,8.523,162
2023-10-30T00:00:00.000Z,19,67,45,25,59,16.091,213
2023-10-31T00:00:00.000Z,17,61,34,20,54,16.061,199
2023-11-01T00:00:00.000Z,9,61,39,18,54,18.017,143
2023-11-02T00:00:00.000Z,8,59,35,13,51.5,18.373,168
2023-11-03T00:00:00.000Z,11,49,26,17.5,35.5,10.776,136
2023-11-04T00:00:00.000Z,11,64,34,22,51,16.229,177
2023-11-05T00:00:00.000Z,5,59,43,22,52.5,17.3,161
2023-11-06T00:00:00.000Z,10,43,23,13,32,10.13,115
2023-11-07T00:00:00.000Z,5,50,35,17.5,46,15.258,153
2023-11-08T00:00:00.000Z,9,49,31,23,39.5,9.991,153
2023-11-09T00:00:00.000Z,22,74,50.5,29,68,17.913,222
2023-11-10T00:00:00.000Z,17,85,40.5,23,62,19.807,184
2023-11-11T00:00:00.000Z,7,55,38,24,50,15.644,138
2023-11-12T00:00:00.000Z,6,44,19,9,36,13.167,71
2023-11-13T00:00:00.000Z,11,49,27,15,39,12.299,143
2023-11-14T00:00:00.000Z,3,48,30,8,42,16.113,135
2023-11-15T00:00:00.000Z,7,41,18,10,30,10.585,130
2023-11-16T00:00:00.000Z,10,34,21,17,29,6.57,155
2023-11-17T00:00:00.000Z,14,61,31,21,47.5,14.959,180
2023-11-18T00:00:00.000Z,11,56,37,17.5,50,15.703,140
2023-11-19T00:00:00.000Z,14,47,30,21,39,9.599,148
2023-11-20T00:00:00.000Z,31,47,38,37,40,2.983,102
2023-11-21T00:00:00.000Z,14,52,37,22.5,46,12.093,156
2023-11-22T00:00:00.000Z,7,49,34.5,18,42,13.713,118
2023-11-23T00:00:00.000Z,16,41,33,29,34,4.2,156
2023-11-24T00:00:00.000Z,39,66,60,45,63,8.753,131
2023-11-25T00:00:00.000Z,38,71,48,43,65,11.308,191
2023-11-26T00:00:00.000Z,18,66,42.5,25,59,16.452,174
2023-11-27T00:00:00.000Z,14,59,40,22,52,15.086,175
2023-11-28T00:00:00.000Z,5,52,32,13,46,15.971,127
2023-11-29T00:00:00.000Z,7,41,26,14,36,11.091,119
2023-11-30T00:00:00.000Z,10,40,27,16.5,33,9.124,153
2023-12-01T00:00:00.000Z,18,50,36,28,43,8.353,158
2023-12-02T00:00:00.000Z,14,69,48,28,60,17.581,190
2023-12-03T00:00:00.000Z,19,42,32,29,36,4.999,179
2023-12-04T00:00:00.000Z,12,62,43,18,55,17.658,153
2023-12-05T00:00:00.000Z,10,65,45,28,56,16.988,138
2023-12-06T00:00:00.000Z,5,55,36,17,48,16.056,140
2023-12-07T00:00:00.000Z,10,37,20,13,26,7.583,119
2023-12-08T00:00:00.000Z,16,51,35,30,42,8.75,179
2023-12-09T00:00:00.000Z,24,78,44,31,60.5,16.807,229
2023-12-10T00:00:00.000Z,18,67,46,26,59,15.827,195
2023-12-11T00:00:00.000Z,17,61,35,23,52,14.559,191
2023-12-12T00:00:00.000Z,36,68,52,43,57,8.106,129
2023-12-13T00:00:00.000Z,35,66,52,46,55,6.659,150
2023-12-14T00:00:00.000Z,48,74,65,56,69,7.173,177
2023-12-15T00:00:00.000Z,23,77,63,30.5,69,18.988,204
2023-12-16T00:00:00.000Z,16,65,42.5,24,60,16.839,178
2023-12-17T00:00:00.000Z,9,61,40,20,53,16.379,188
2023-12-18T00:00:00.000Z,20,65,40,27.5,57,14.88,200
2023-12-19T00:00:00.000Z,12,60,25,17,47.5,16.128,168
2023-12-20T00:00:00.000Z,14,53,41,27,45,11.23,172
2023-12-21T00:00:00.000Z,17,61,45,26,56,15.225,186
2023-12-22T00:00:00.000Z,17,65,42,27,59,16.158,161
2023-12-23T00:00:00.000Z,22,66,51,32,58,14.016,215
2023-12-24T00:00:00.000Z,36,68,48,42,57,9.17,132
2023-12-25T00:00:00.000Z,17,72,44,31,60,15.455,170
2023-12-26T00:00:00.000Z,26,59,47,35,55,10.965,138
2023-12-27T00:00:00.000Z,17,56,40,33.5,46,10.207,176
2023-12-28T00:00:00.000Z,15,60,41,22.5,55,15.488,168
2023-12-29T00:00:00.000Z,8,55,36,20,52,16.234,145
2023-12-30T00:00:00.000Z,7,52,34,16.5,45.5,15.245,157
2023-12-31T00:00:00.000Z,18,49,37,34,41,6.83,126
2024-01-01T00:00:00.000Z,17,64,45,24,60,16.903,166
2024-01-02T00:00:00.000Z,24,59,37,30.5,53,11.213,205
2024-01-03T00:00:00.000Z,23,68,46,26,61,16.168,165
2024-01-04T00:00:00.000Z,32,65,52,48,54,6.039,154
2024-01-05T00:00:00.000Z,30,76,62,36,69,16.178,223
2024-01-06T00:00:00.000Z,27,69,48,34,64,14.362,212
2024-01-07T00:00:00.000Z,21,67,52,34,60,14.438,183
2024-01-08T00:00:00.000Z,28,56,45,34,49,8.054,160
2024-01-09T00:00:00.000Z,18,50,30,25,40,8.966,180
2024-01-10T00:00:00.000Z,12,43,30,16,37,10.134,136
2024-01-11T00:00:00.000Z,18,47,37,30,42,7.008,135
2024-01-12T00:00:00.000Z,15,68,57,29,63,18.843,179
2024-01-13T00:00:00.000Z,20,59,42,35,50,8.753,162
2024-01-14T00:00:00.000Z,20,54,39,23.5,50,12.601,149
2024-01-15T00:00:00.000Z,30,53,44,36,46,6.295,142
2024-01-16T00:00:00.000Z,23,53,46,27,51,11.522,109
2024-01-17T00:00:00.000Z,15,58,40.5,23,50,13.351,182
2024-01-18T00:00:00.000Z,13,57,36,29,50,12.921,182
2024-01-19T00:00:00.000Z,25,58,37,32,47,8.832,160
2024-01-20T00:00:00.000Z,23,54,38,29,48,9.229,159
2024-01-21T00:00:00.000Z,28,54,45.5,39,50,7.164,102
2024-01-22T00:00:00.000Z,18,60,45,29,56,13.366,163
2024-01-23T00:00:00.000Z,19,68,42,28,59,15.855,181
2024-01-24T00:00:00.000Z,20,69,41,29,61,15.738,195
2024-01-25T00:00:00.000Z,19,70,45.5,27,60,17.261,182
2024-01-26T00:00:00.000Z,33,75,60,46.5,70,13.39,161
2024-01-27T00:00:00.000Z,13,70,48,27,64,18.588,185
2024-01-28T00:00:00.000Z,11,65,42,19,58,18.443,179
2024-01-29T00:00:00.000Z,15,64,45,26,58,16.116,172
2024-01-30T00:00:00.000Z,15,66,40.5,23.5,61,17.376,184
2024-01-31T00:00:00.000Z,11,63,39.5,21,58,17.972,206
2024-02-01T00:00:00.000Z,8,48,31,16,41,13.432,140
2024-02-02T00:00:00.000Z,19,54,34,26,44,9.719,190
2024-02-03T00:00:00.000Z,55,80,71,67,74,5.675,173
2024-02-04T00:00:00.000Z,22,79,49.5,28,75,21.941,226
2024-02-05T00:00:00.000Z,25,72,37,29,62,16.318,215
2024-02-06T00:00:00.000Z,22,70,50.5,31,63,15.325,210
2024-02-07T00:00:00.000Z,16,52,33.5,25,44,10.565,204
2024-02-08T00:00:00.000Z,13,43,26.5,15,34,10.288,122
2024-02-09T00:00:00.000Z,17,75,36,31,53,14.881,208
2024-02-10T00:00:00.000Z,44,75,65,57,68,7.223,157
2024-02-11T00:00:00.000Z,29,75,41,34,70,17.178,237
2024-02-12T00:00:00.000Z,16,68,34,25,58.5,17.5,205
2024-02-13T00:00:00.000Z,19,63,38,25,57,14.672,207
2024-02-14T00:00:00.000Z,13,64,42,21,59,17.901,175
2024-02-15T00:00:00.000Z,15,68,33.5,27,60,16.312,134
2024-02-16T00:00:00.000Z,22,77,54.5,31.5,63,16.382,72
2024-02-17T00:00:00.000Z,29,77,45,35,68,16.257,143
2024-02-18T00:00:00.000Z,17,70,33.5,22,64,19.502,108
2024-02-19T00:00:00.000Z,8,41,27,12,32,10.407,91
2024-02-20T00:00:00.000Z,8,56,32,13,47,16.69,117
2024-02-21T00:00:00.000Z,8,48,27,15,41,12.907,118
2024-02-22T00:00:00.000Z,17,59,35,22,44,12.211,182
2024-02-23T00:00:00.000Z,9,67,44,13,61,21.6,136
2024-02-24T00:00:00.000Z,4,51,33,18,43.5,14.749,129
2024-02-25T00:00:00.000Z,7,30,15.5,9,20,6.559,124
2024-02-26T00:00:00.000Z,9,46,18,12,32,11.407,140
2024-02-27T00:00:00.000Z,14,72,35,27,42,14.512,118
2024-02-28T00:00:00.000Z,21,70,30,25,40,15.656,89
2024-02-29T00:00:00.000Z,4,67,52,24.5,62,21.38,173
2024-03-01T00:00:00.000Z,6,33,16,10,28,8.618,122
2024-03-02T00:00:00.000Z,6,42,27,16,32,10.585,144
2024-03-03T00:00:00.000Z,11,47,21,17,29.5,9.366,160
2024-03-04T00:00:00.000Z,13,41,22,19,33,7.864,95
2024-07-08T00:00:00.000Z,19,30,21,20,23,3.667,10
2024-07-09T00:00:00.000Z,7,55,23,12,40,15.214,207
2024-07-10T00:00:00.000Z,7,45,19,10,35,12.494,156
2024-07-11T00:00:00.000Z,5,42,17,8,30,11.651,174
2024-07-12T00:00:00.000Z,1,47,21,10,38,14.196,149
2024-07-13T00:00:00.000Z,2,35,16,8,26,10.029,185
2024-07-14T00:00:00.000Z,2,55,20,10,30,11.487,217
2024-07-15T00:00:00.000Z,4,51,20,14,32,12.742,169
2024-07-16T00:00:00.000Z,10,60,35,22,46,13.571,246
2024-07-17T00:00:00.000Z,12,63,42,22,52,15.447,238
2024-07-18T00:00:00.000Z,19,95,65,55,68,16.26,161
2024-07-19T00:00:00.000Z,11,56,32.5,20,50,14.871,152
2024-07-20T00:00:00.000Z,14,68,35,24,50,14.737,263
2024-07-21T00:00:00.000Z,18,98,62,44,73,20.01,307
2024-07-22T00:00:00.000Z,16,84,75,32,79,24.285,187
2024-07-23T00:00:00.000Z,14,62,40,22,48,14.414,173
2024-07-24T00:00:00.000Z,9,66,30,15,47,17.727,183
2024-07-25T00:00:00.000Z,9,57,23,15,43.5,15.802,197
2024-07-26T00:00:00.000Z,11,57,26,18,38,12.783,182
2024-07-27T00:00:00.000Z,9,61,34.5,15,49.5,16.705,224
2024-07-28T00:00:00.000Z,6,60,34,25.5,48,15.249,233
2024-07-29T00:00:00.000Z,3,42,19.5,8,34,12.683,172
2024-07-30T00:00:00.000Z,3,38,19.5,6,27,11.166,138
2024-07-31T00:00:00.000Z,2,29,16,6,25,9.428,133
2024-08-01T00:00:00.000Z,6,42,20,14.5,33,10.338,168
2024-08-02T00:00:00.000Z,8,51,29,15,36.5,12.226,205
2024-08-03T00:00:00.000Z,13,52,22,17,38,11.686,213
2024-08-04T00:00:00.000Z,9,65,28,18,47.5,17.73,189
2024-08-05T00:00:00.000Z,9,47,20,12,32,11.382,156
2024-08-06T00:00:00.000Z,21,80,52,30,60,15.791,223
2024-08-07T00:00:00.000Z,8,60,37,27,44,12.731,190
2024-08-08T00:00:00.000Z,26,64,44,37,52,9.191,189
2024-08-09T00:00:00.000Z,36,69,51,40,59,9.643,145
2024-08-10T00:00:00.000Z,21,80,69,34.5,74.5,20.479,184
2024-08-11T00:00:00.000Z,13,74,50.5,20,65,21.208,184
2024-08-12T00:00:00.000Z,13,54,26,19,45,12.541,215
2024-08-13T00:00:00.000Z,17,100,61.5,58,66,11.431,84
2024-08-14T00:00:00.000Z,16,67,55,49,57.5,11.684,41
2024-08-15T00:00:00.000Z,8,57,43,40.5,50.5,13.767,37
2024-08-16T00:00:00.000Z,13,53,44.5,32,50,11.253,34
2024-08-17T00:00:00.000Z,3,59,48,9,54,20.325,51
2024-08-18T00:00:00.000Z,9,38,28,24,32,7.151,67
2024-08-19T00:00:00.000Z,16,66,58,24,61,18.789,94
2024-08-20T00:00:00.000Z,19,85,79,26,81,26.066,151
2024-08-21T00:00:00.000Z,14,70,57,29,64.5,18.866,92
2024-08-22T00:00:00.000Z,8,40,23,18,34,9.297,93
2024-08-23T00:00:00.000Z,10,62,43,30,54,15.687,143
2024-08-24T00:00:00.000Z,9,42,16,13,31,9.874,146
2024-08-25T00:00:00.000Z,14,36,25,22,30,5.69,43
2024-08-26T00:00:00.000Z,13,48,36,31,45,10.904,39
2024-08-27T00:00:00.000Z,11,62,41.5,28.5,53.5,15.92,88
2024-08-28T00:00:00.000Z,9,57,49.5,42,53,12.735,50
2024-08-29T00:00:00.000Z,12,41,31,25,37,7.832,42
2024-08-30T00:00:00.000Z,16,72,32,22,62,19.209,119
2024-08-31T00:00:00.000Z,11,61,27,16,49,16.589,134
2024-09-01T00:00:00.000Z,9,52,25,14,39,13.787,132
2024-09-02T00:00:00.000Z,5,48,22,11,38.5,14.014,120
2024-09-03T00:00:00.000Z,8,53,23.5,13,39.5,14.116,120
2024-09-04T00:00:00.000Z,11,51,25,15.5,36.5,10.557,105
2024-09-05T00:00:00.000Z,26,75,50,49,52,6.441,81
2024-09-06T00:00:00.000Z,16,73,70,65,71,13.351,67
2024-09-07T00:00:00.000Z,13,59,47,31,53,14.42,62
2024-09-08T00:00:00.000Z,10,52,45,41,48,9.314,73
2024-09-09T00:00:00.000Z,7,42,35,25,37,9.097,63
2024-09-10T00:00:00.000Z,7,38,21,10.5,30,10.037,80
2024-09-11T00:00:00.000Z,12,40,34,26.5,37,7.276,49
2024-09-12T00:00:00.000Z,8,61,41,22,52,16.102,67
2024-09-13T00:00:00.000Z,9,34,25,20.5,30,6.373,57
2024-09-14T00:00:00.000Z,7,57,49,42,51,13.046,42
2024-09-15T00:00:00.000Z,12,54,27,17,44.5,13.717,125
2024-09-16T00:00:00.000Z,18,52,34,26.5,42,9.581,181
2024-09-17T00:00:00.000Z,18,71,50,28,61,16.655,177
2024-09-18T00:00:00.000Z,48,78,75,66.5,76.5,8.929,73